<?xml version="1.0" encoding="UTF-8"?>
<rss version="2.0" xmlns:atom="http://www.w3.org/2005/Atom" xmlns:content="http://purl.org/rss/1.0/modules/content/" xmlns:dc="http://purl.org/dc/elements/1.1/" xmlns:sparkle="http://www.andymatuschak.org/xml-namespaces/sparkle">
  <channel>
    <title>CMS Design System UI kit</title>
    <description>Sketch library for the CMS Design System</description>
    <image>
      <url></url>
      <title></title>
    </image>
    <generator>Sketch</generator>
    <item>
       <title>CMS Design System UI kit - v2.2.1</title>
      <pubDate>Fri, 14 May 2021 12:00:00</pubDate>
      <enclosure url="https://github.com/CMSgov/design-system/raw/master/design-assets/CMS-Design-System-UI-kit.sketch?raw=true" type="application/octet-stream" sparkle:version="2.2.1"/>
    </item>
  </channel>
</rss>